{"name":"6f3884c2-9819-4674-b344-4cca85e20bf5","id":"/providers/Microsoft.Flow/flows/6f3884c2-9819-4674-b344-4cca85e20bf5","type":"Microsoft.Flow/flows","properties":{"apiId":"/providers/Microsoft.PowerApps/apis/shared_logicflows","displayName":"#2 Send Microsoft Form Registration Information","definition":{"metadata":{"workflowEntityId":null,"processAdvisorMetadata":null,"flowclientsuspensionreason":"None","flowclientsuspensiontime":null,"flowclientsuspensionreasondetails":null,"creator":{"id":"e6c3537a-1f05-4898-b027-7c5b5d1fdbf9","type":"User","tenantId":"f05159b7-169a-4080-9efd-892723ec8486"},"provisioningMethod":"FromDefinition","failureAlertSubscription":true,"clientLastModifiedTime":"2022-11-05T01:59:21.1055647Z"},"$schema":"https://schema.management.azure.com/providers/Microsoft.Logic/schemas/2016-06-01/workflowdefinition.json#","contentVersion":"1.0.0.0","parameters":{"$connections":{"defaultValue":{},"type":"Object"},"$authentication":{"defaultValue":{},"type":"SecureObject"}},"triggers":{"When_a_new_response_is_submitted":{"splitOn":"@triggerOutputs()?['body/value']","metadata":{"operationMetadataId":"2bbeeaaa-840a-4f7a-ade3-40950ca05bf2"},"type":"OpenApiConnectionWebhook","inputs":{"host":{"apiId":"/providers/Microsoft.PowerApps/apis/shared_microsoftforms","connectionName":"shared_microsoftforms","operationId":"CreateFormWebhook"},"parameters":{"form_id":"t1lR8JoWgECe_YknI-yEhnpTw-YFH5hIsCd8W10f2_lUQzU2WVo0SVJYWllPRVBMODNNMUYxVUVISy4u"},"authentication":"@parameters('$authentication')"}}},"actions":{"Get_response_details":{"runAfter":{},"metadata":{"operationMetadataId":"371cfb9b-c959-4b3d-9c24-7f69d57115ce"},"type":"OpenApiConnection","inputs":{"host":{"apiId":"/providers/Microsoft.PowerApps/apis/shared_microsoftforms","connectionName":"shared_microsoftforms","operationId":"GetFormResponseById"},"parameters":{"form_id":"t1lR8JoWgECe_YknI-yEhnpTw-YFH5hIsCd8W10f2_lUQzU2WVo0SVJYWllPRVBMODNNMUYxVUVISy4u","response_id":"@triggerOutputs()?['body/resourceData/responseId']"},"authentication":"@parameters('$authentication')"}},"Send_an_email_(V2)":{"runAfter":{"Get_response_details":["Succeeded"]},"metadata":{"operationMetadataId":"8b7b1d1d-d1de-4a2c-91d0-c11743784e9e"},"type":"OpenApiConnection","inputs":{"host":{"apiId":"/providers/Microsoft.PowerApps/apis/shared_office365","connectionName":"shared_office365","operationId":"SendEmailV2"},"parameters":{"emailMessage/To":"@outputs('Get_response_details')?['body/r4beb7a621a484a3dae05d6489916f7a8']","emailMessage/Subject":"Test for flow","emailMessage/Body":"<p>This is a test email. @{outputs('Get_response_details')?['body/r89d4fba3f4a74749852c25394564fa58']}@{outputs('Get_response_details')?['body/rfb24290df653471f95ca41391d131305']}</p>","emailMessage/Importance":"Normal"},"authentication":"@parameters('$authentication')"}}}},"connectionReferences":{"shared_microsoftforms":{"connectionName":"shared-microsoftform-b4b1257a-f30d-4e8e-a7a2-cac8509024e7","source":"Embedded","id":"/providers/Microsoft.PowerApps/apis/shared_microsoftforms","tier":"NotSpecified"},"shared_office365":{"connectionName":"shared-office365-bbc11b2f-8d0c-4008-845d-2d3b56b0a10d","source":"Embedded","id":"/providers/Microsoft.PowerApps/apis/shared_office365","tier":"NotSpecified"}},"flowFailureAlertSubscribed":false,"isManaged":false}}