{"name":"64f9d527-207a-4f43-a5f2-7f04f62e00a0","id":"/providers/Microsoft.Flow/flows/64f9d527-207a-4f43-a5f2-7f04f62e00a0","type":"Microsoft.Flow/flows","properties":{"apiId":"/providers/Microsoft.PowerApps/apis/shared_logicflows","displayName":"#3 Send Notice Email With New Applicant Added","definition":{"metadata":{"workflowEntityId":null,"processAdvisorMetadata":null,"flowclientsuspensionreason":"None","flowclientsuspensiontime":null,"flowclientsuspensionreasondetails":null,"creator":{"id":"e6c3537a-1f05-4898-b027-7c5b5d1fdbf9","type":"User","tenantId":"f05159b7-169a-4080-9efd-892723ec8486"},"provisioningMethod":"FromDefinition","failureAlertSubscription":true,"clientLastModifiedTime":"2022-11-07T04:41:49.6330303Z"},"$schema":"https://schema.management.azure.com/providers/Microsoft.Logic/schemas/2016-06-01/workflowdefinition.json#","contentVersion":"1.0.0.0","parameters":{"$connections":{"defaultValue":{},"type":"Object"},"$authentication":{"defaultValue":{},"type":"SecureObject"}},"triggers":{"When_a_row_is_added,_modified_or_deleted":{"metadata":{"operationMetadataId":"ad5a97ff-2add-4c9c-abc1-04218defe3ff"},"type":"OpenApiConnectionWebhook","inputs":{"host":{"apiId":"/providers/Microsoft.PowerApps/apis/shared_commondataserviceforapps","connectionName":"shared_commondataserviceforapps","operationId":"SubscribeWebhookTrigger"},"parameters":{"subscriptionRequest/message":1,"subscriptionRequest/entityname":"sin_applicant","subscriptionRequest/scope":4},"authentication":"@parameters('$authentication')"}}},"actions":{"Condition":{"actions":{"Send_an_email_(V2)":{"runAfter":{},"metadata":{"operationMetadataId":"c6931da1-8239-4dc3-93ef-6329f0d905c2"},"type":"OpenApiConnection","inputs":{"host":{"apiId":"/providers/Microsoft.PowerApps/apis/shared_office365","connectionName":"shared_office365","operationId":"SendEmailV2"},"parameters":{"emailMessage/To":"ricktang@cmail.carleton.ca","emailMessage/Subject":"#3 flow","emailMessage/Body":"<p>The applicant is a @{triggerOutputs()?['body/sin_applicantstatus']}! haha <br>\n</p>","emailMessage/ReplyTo":"ricktanglol@gmail.com","emailMessage/Importance":"Normal"},"authentication":"@parameters('$authentication')"}}},"runAfter":{},"else":{"actions":{"Send_an_email_(V2)_2":{"runAfter":{},"metadata":{"operationMetadataId":"3f88d963-7e82-4a1f-8f76-a933439dea0c"},"type":"OpenApiConnection","inputs":{"host":{"apiId":"/providers/Microsoft.PowerApps/apis/shared_office365","connectionName":"shared_office365","operationId":"SendEmailV2"},"parameters":{"emailMessage/To":"ricktang@cmail.carleton.ca","emailMessage/Subject":"xx","emailMessage/Body":"<p>xxx something wrong!</p>","emailMessage/Importance":"Normal"},"authentication":"@parameters('$authentication')"}}}},"expression":{"equals":["@triggerOutputs()?['body/sin_applicantstatus']",921040000]},"metadata":{"operationMetadataId":"19fd20a9-3566-4b5d-8fcf-815e06e9abca"},"type":"If"}},"outputs":{}},"connectionReferences":{"shared_office365":{"connectionName":"shared-office365-bbc11b2f-8d0c-4008-845d-2d3b56b0a10d","source":"Embedded","id":"/providers/Microsoft.PowerApps/apis/shared_office365","tier":"NotSpecified"},"shared_commondataserviceforapps":{"connectionName":"shared-commondataser-d260a9df-a508-4808-9332-764c593f3c23","source":"Embedded","id":"/providers/Microsoft.PowerApps/apis/shared_commondataserviceforapps","tier":"NotSpecified"}},"flowFailureAlertSubscribed":false,"isManaged":false}}