{"name":"979d09cd-a730-4114-a4ab-b22a900c10f3","id":"/providers/Microsoft.Flow/flows/979d09cd-a730-4114-a4ab-b22a900c10f3","type":"Microsoft.Flow/flows","properties":{"apiId":"/providers/Microsoft.PowerApps/apis/shared_logicflows","displayName":"#1 Post message to Microsoft Teams when an email arrives in Office 365 Outlook","definition":{"metadata":{"workflowEntityId":null,"processAdvisorMetadata":null,"flowclientsuspensionreason":"None","flowclientsuspensiontime":null,"flowclientsuspensionreasondetails":null,"creator":{"id":"e6c3537a-1f05-4898-b027-7c5b5d1fdbf9","type":"User","tenantId":"f05159b7-169a-4080-9efd-892723ec8486"},"provisioningMethod":"FromDefinition","failureAlertSubscription":true,"clientLastModifiedTime":"2022-11-04T17:41:26.7188976Z"},"$schema":"https://schema.management.azure.com/providers/Microsoft.Logic/schemas/2016-06-01/workflowdefinition.json#","contentVersion":"1.0.0.0","parameters":{"$connections":{"defaultValue":{},"type":"Object"},"$authentication":{"defaultValue":{},"type":"SecureObject"}},"triggers":{"When_a_new_email_arrives":{"recurrence":{"frequency":"Minute","interval":3},"splitOn":"@triggerBody()?['value']","metadata":{"flowSystemMetadata":{"swaggerOperationId":"OnNewEmailV2"},"operationMetadataId":"e4df8480-47ee-47f5-ba55-2243105ca830"},"type":"ApiConnection","inputs":{"host":{"connection":{"name":"@parameters('$connections')['shared_office365']['connectionId']"},"api":{"runtimeUrl":"https://flow-apim-unitedstates-002-westus-01.azure-apim.net/apim/office365"}},"method":"get","path":"/v2/Mail/OnNewEmail","queries":{"folderPath":"Inbox","importance":"Any","fetchOnlyWithAttachment":false,"includeAttachments":false,"subjectFilter":"Learn with the Nerds"},"authentication":"@parameters('$authentication')"}}},"actions":{"Condition":{"actions":{"Post_message_in_a_chat_or_channel":{"runAfter":{},"metadata":{"flowSystemMetadata":{"swaggerOperationId":"PostMessageToConversation"},"operationMetadataId":"319dfcd0-8315-48a4-b452-20a6d2866124"},"type":"ApiConnection","inputs":{"host":{"connection":{"name":"@parameters('$connections')['shared_teams']['connectionId']"},"api":{"runtimeUrl":"https://flow-apim-unitedstates-002-eastus-01.azure-apim.net/apim/teams"}},"method":"post","body":{"recipient":{"groupId":"51bf1391-c275-42fb-817c-93bd337a7406","channelId":"19:026c86c0b76a4a29a8699eeea197b24d@thread.tacv2"},"messageBody":"<p>@{triggerBody()?['bodyPreview']}<br>\n<br>\n----<br>\nMessage content taken from Office 365 Oulook email.</p>"},"path":"/beta/teams/conversation/message/poster/Flow bot/location/@{encodeURIComponent('Channel')}","authentication":"@parameters('$authentication')"}}},"runAfter":{},"expression":"@contains(triggerBody()?['Body'], '')","metadata":{"operationMetadataId":"98742841-5ca6-40f1-8571-d55bd53ff92c"},"type":"If"}},"outputs":{},"description":"When an email arrives in Office 365 Outlook, check the email body content with the specified condition. If condition matched then post a message to Microsoft Teams with email body content."},"connectionReferences":{"shared_teams":{"connectionName":"shared-teams-ed0a5b2a-28e5-436e-9253-9ed55e01d997","source":"Embedded","id":"/providers/Microsoft.PowerApps/apis/shared_teams","tier":"NotSpecified"},"shared_office365":{"connectionName":"shared-office365-bbc11b2f-8d0c-4008-845d-2d3b56b0a10d","source":"Embedded","id":"/providers/Microsoft.PowerApps/apis/shared_office365","tier":"NotSpecified"}},"flowFailureAlertSubscribed":false,"isManaged":false}}